event_id,commence_time,home_team,away_team,bookmaker,player_name,market_key,line,over_price,under_price,opponent_team
8aaad66627fe854cc273103047d880e6,2026-03-25T23:10:00Z,Detroit Pistons,Atlanta Hawks,DraftKings,Ausar Thompson,player_points,9.5,-119,-107,
8aaad66627fe854cc273103047d880e6,2026-03-25T23:10:00Z,Detroit Pistons,Atlanta Hawks,DraftKings,C.J. McCollum,player_points,17.5,-102,-125,
8aaad66627fe854cc273103047d880e6,2026-03-25T23:10:00Z,Detroit Pistons,Atlanta Hawks,DraftKings,Daniss Jenkins,player_points,16.5,-114,-112,
8aaad66627fe854cc273103047d880e6,2026-03-25T23:10:00Z,Detroit Pistons,Atlanta Hawks,DraftKings,Duncan Robinson,player_points,11.5,-117,-109,
8aaad66627fe854cc273103047d880e6,2026-03-25T23:10:00Z,Detroit Pistons,Atlanta Hawks,DraftKings,Dyson Daniels,player_points,11.5,-105,-121,
8aaad66627fe854cc273103047d880e6,2026-03-25T23:10:00Z,Detroit Pistons,Atlanta Hawks,DraftKings,Jalen Duren,player_points,23.5,-102,-125,
8aaad66627fe854cc273103047d880e6,2026-03-25T23:10:00Z,Detroit Pistons,Atlanta Hawks,DraftKings,Jalen Johnson,player_points,21.5,-115,-111,
8aaad66627fe854cc273103047d880e6,2026-03-25T23:10:00Z,Detroit Pistons,Atlanta Hawks,DraftKings,Jonathan Kuminga,player_points,11.5,-126,-101,
8aaad66627fe854cc273103047d880e6,2026-03-25T23:10:00Z,Detroit Pistons,Atlanta Hawks,DraftKings,Nickeil Alexander-Walker,player_points,18.5,-122,-105,
8aaad66627fe854cc273103047d880e6,2026-03-25T23:10:00Z,Detroit Pistons,Atlanta Hawks,DraftKings,Onyeka Okongwu,player_points,12.5,-112,-114,
8aaad66627fe854cc273103047d880e6,2026-03-25T23:10:00Z,Detroit Pistons,Atlanta Hawks,DraftKings,Paul Reed Jr,player_points,8.5,-126,-101,
8aaad66627fe854cc273103047d880e6,2026-03-25T23:10:00Z,Detroit Pistons,Atlanta Hawks,DraftKings,Tobias Harris,player_points,13.5,-119,-107,
8aaad66627fe854cc273103047d880e6,2026-03-25T23:10:00Z,Detroit Pistons,Atlanta Hawks,DraftKings,Zaccharie Risacher,player_points,7.5,100,-127,
8aaad66627fe854cc273103047d880e6,2026-03-25T23:10:00Z,Detroit Pistons,Atlanta Hawks,FanDuel,Ausar Thompson,player_points,9.5,-114,-114,
8aaad66627fe854cc273103047d880e6,2026-03-25T23:10:00Z,Detroit Pistons,Atlanta Hawks,FanDuel,C.J. McCollum,player_points,17.5,-102,-130,
8aaad66627fe854cc273103047d880e6,2026-03-25T23:10:00Z,Detroit Pistons,Atlanta Hawks,FanDuel,Caris LeVert,player_points,7.5,-114,-114,
8aaad66627fe854cc273103047d880e6,2026-03-25T23:10:00Z,Detroit Pistons,Atlanta Hawks,FanDuel,Daniss Jenkins,player_points,16.5,-112,-118,
8aaad66627fe854cc273103047d880e6,2026-03-25T23:10:00Z,Detroit Pistons,Atlanta Hawks,FanDuel,Duncan Robinson,player_points,11.5,-104,-128,
8aaad66627fe854cc273103047d880e6,2026-03-25T23:10:00Z,Detroit Pistons,Atlanta Hawks,FanDuel,Dyson Daniels,player_points,11.5,100,-132,
8aaad66627fe854cc273103047d880e6,2026-03-25T23:10:00Z,Detroit Pistons,Atlanta Hawks,FanDuel,Jalen Duren,player_points,22.5,-128,-104,
8aaad66627fe854cc273103047d880e6,2026-03-25T23:10:00Z,Detroit Pistons,Atlanta Hawks,FanDuel,Jalen Johnson,player_points,21.5,-114,-114,
8aaad66627fe854cc273103047d880e6,2026-03-25T23:10:00Z,Detroit Pistons,Atlanta Hawks,FanDuel,Jonathan Kuminga,player_points,11.5,-130,-102,
8aaad66627fe854cc273103047d880e6,2026-03-25T23:10:00Z,Detroit Pistons,Atlanta Hawks,FanDuel,Kevin Huerter,player_points,8.5,-114,-114,
8aaad66627fe854cc273103047d880e6,2026-03-25T23:10:00Z,Detroit Pistons,Atlanta Hawks,FanDuel,Nickeil Alexander-Walker,player_points,18.5,-118,-112,
8aaad66627fe854cc273103047d880e6,2026-03-25T23:10:00Z,Detroit Pistons,Atlanta Hawks,FanDuel,Onyeka Okongwu,player_points,13.5,-106,-125,
8aaad66627fe854cc273103047d880e6,2026-03-25T23:10:00Z,Detroit Pistons,Atlanta Hawks,FanDuel,Paul Reed Jr,player_points,8.5,-128,-104,
8aaad66627fe854cc273103047d880e6,2026-03-25T23:10:00Z,Detroit Pistons,Atlanta Hawks,FanDuel,Tobias Harris,player_points,13.5,-125,-106,
8aaad66627fe854cc273103047d880e6,2026-03-25T23:10:00Z,Detroit Pistons,Atlanta Hawks,FanDuel,Zaccharie Risacher,player_points,7.5,102,-136,
3d71d6b6b1bc85b5ec831ae9dba2c93c,2026-03-25T23:10:00Z,Indiana Pacers,Los Angeles Lakers,BetOnline.ag,Aaron Nesmith,player_points,12.5,-105,-123,
3d71d6b6b1bc85b5ec831ae9dba2c93c,2026-03-25T23:10:00Z,Indiana Pacers,Los Angeles Lakers,BetOnline.ag,Andrew Nembhard,player_points,14.5,-115,-112,
3d71d6b6b1bc85b5ec831ae9dba2c93c,2026-03-25T23:10:00Z,Indiana Pacers,Los Angeles Lakers,BetOnline.ag,Austin Reaves,player_points,23.5,-115,-112,
3d71d6b6b1bc85b5ec831ae9dba2c93c,2026-03-25T23:10:00Z,Indiana Pacers,Los Angeles Lakers,BetOnline.ag,Deandre Ayton,player_points,11.5,-110,-118,
3d71d6b6b1bc85b5ec831ae9dba2c93c,2026-03-25T23:10:00Z,Indiana Pacers,Los Angeles Lakers,BetOnline.ag,Jarace Walker,player_points,14.5,-106,-122,
3d71d6b6b1bc85b5ec831ae9dba2c93c,2026-03-25T23:10:00Z,Indiana Pacers,Los Angeles Lakers,BetOnline.ag,Jaxson Hayes,player_points,6.5,-122,-106,
3d71d6b6b1bc85b5ec831ae9dba2c93c,2026-03-25T23:10:00Z,Indiana Pacers,Los Angeles Lakers,BetOnline.ag,Jay Huff,player_points,9.5,-123,-104,
3d71d6b6b1bc85b5ec831ae9dba2c93c,2026-03-25T23:10:00Z,Indiana Pacers,Los Angeles Lakers,BetOnline.ag,LeBron James,player_points,18.5,-115,-112,
3d71d6b6b1bc85b5ec831ae9dba2c93c,2026-03-25T23:10:00Z,Indiana Pacers,Los Angeles Lakers,BetOnline.ag,Luka Doncic,player_points,34.5,-108,-120,
3d71d6b6b1bc85b5ec831ae9dba2c93c,2026-03-25T23:10:00Z,Indiana Pacers,Los Angeles Lakers,BetOnline.ag,Obi Toppin,player_points,8.5,-111,-116,
3d71d6b6b1bc85b5ec831ae9dba2c93c,2026-03-25T23:10:00Z,Indiana Pacers,Los Angeles Lakers,BetOnline.ag,Pascal Siakam,player_points,21.5,-111,-116,
3d71d6b6b1bc85b5ec831ae9dba2c93c,2026-03-25T23:10:00Z,Indiana Pacers,Los Angeles Lakers,BetOnline.ag,Rui Hachimura,player_points,8.5,-114,-114,
3d71d6b6b1bc85b5ec831ae9dba2c93c,2026-03-25T23:10:00Z,Indiana Pacers,Los Angeles Lakers,BetOnline.ag,T.J. McConnell,player_points,8.5,103,-133,
3d71d6b6b1bc85b5ec831ae9dba2c93c,2026-03-25T23:10:00Z,Indiana Pacers,Los Angeles Lakers,DraftKings,Aaron Nesmith,player_points,12.5,-107,-119,
3d71d6b6b1bc85b5ec831ae9dba2c93c,2026-03-25T23:10:00Z,Indiana Pacers,Los Angeles Lakers,DraftKings,Andrew Nembhard,player_points,14.5,-115,-111,
3d71d6b6b1bc85b5ec831ae9dba2c93c,2026-03-25T23:10:00Z,Indiana Pacers,Los Angeles Lakers,DraftKings,Austin Reaves,player_points,23.5,-110,-116,
3d71d6b6b1bc85b5ec831ae9dba2c93c,2026-03-25T23:10:00Z,Indiana Pacers,Los Angeles Lakers,DraftKings,Deandre Ayton,player_points,11.5,-105,-121,
3d71d6b6b1bc85b5ec831ae9dba2c93c,2026-03-25T23:10:00Z,Indiana Pacers,Los Angeles Lakers,DraftKings,Jarace Walker,player_points,14.5,-118,-108,
3d71d6b6b1bc85b5ec831ae9dba2c93c,2026-03-25T23:10:00Z,Indiana Pacers,Los Angeles Lakers,DraftKings,Jay Huff,player_points,10.5,-113,-113,
3d71d6b6b1bc85b5ec831ae9dba2c93c,2026-03-25T23:10:00Z,Indiana Pacers,Los Angeles Lakers,DraftKings,LeBron James,player_points,18.5,-118,-108,
3d71d6b6b1bc85b5ec831ae9dba2c93c,2026-03-25T23:10:00Z,Indiana Pacers,Los Angeles Lakers,DraftKings,Luka Doncic,player_points,34.5,-107,-119,
3d71d6b6b1bc85b5ec831ae9dba2c93c,2026-03-25T23:10:00Z,Indiana Pacers,Los Angeles Lakers,DraftKings,Pascal Siakam,player_points,20.5,-115,-111,
3d71d6b6b1bc85b5ec831ae9dba2c93c,2026-03-25T23:10:00Z,Indiana Pacers,Los Angeles Lakers,DraftKings,Rui Hachimura,player_points,8.5,-120,-107,
3d71d6b6b1bc85b5ec831ae9dba2c93c,2026-03-25T23:10:00Z,Indiana Pacers,Los Angeles Lakers,FanDuel,Aaron Nesmith,player_points,12.5,-106,-125,
3d71d6b6b1bc85b5ec831ae9dba2c93c,2026-03-25T23:10:00Z,Indiana Pacers,Los Angeles Lakers,FanDuel,Andrew Nembhard,player_points,15.5,102,-136,
3d71d6b6b1bc85b5ec831ae9dba2c93c,2026-03-25T23:10:00Z,Indiana Pacers,Los Angeles Lakers,FanDuel,Austin Reaves,player_points,23.5,-125,-106,
3d71d6b6b1bc85b5ec831ae9dba2c93c,2026-03-25T23:10:00Z,Indiana Pacers,Los Angeles Lakers,FanDuel,Deandre Ayton,player_points,11.5,-114,-114,
3d71d6b6b1bc85b5ec831ae9dba2c93c,2026-03-25T23:10:00Z,Indiana Pacers,Los Angeles Lakers,FanDuel,Jarace Walker,player_points,14.5,102,-136,
3d71d6b6b1bc85b5ec831ae9dba2c93c,2026-03-25T23:10:00Z,Indiana Pacers,Los Angeles Lakers,FanDuel,Jaxson Hayes,player_points,6.5,-130,-102,
3d71d6b6b1bc85b5ec831ae9dba2c93c,2026-03-25T23:10:00Z,Indiana Pacers,Los Angeles Lakers,FanDuel,Jay Huff,player_points,9.5,-114,-114,
3d71d6b6b1bc85b5ec831ae9dba2c93c,2026-03-25T23:10:00Z,Indiana Pacers,Los Angeles Lakers,FanDuel,LeBron James,player_points,18.5,-114,-114,
3d71d6b6b1bc85b5ec831ae9dba2c93c,2026-03-25T23:10:00Z,Indiana Pacers,Los Angeles Lakers,FanDuel,Luka Doncic,player_points,34.5,-108,-122,
3d71d6b6b1bc85b5ec831ae9dba2c93c,2026-03-25T23:10:00Z,Indiana Pacers,Los Angeles Lakers,FanDuel,Obi Toppin,player_points,8.5,-112,-118,
3d71d6b6b1bc85b5ec831ae9dba2c93c,2026-03-25T23:10:00Z,Indiana Pacers,Los Angeles Lakers,FanDuel,Pascal Siakam,player_points,21.5,-112,-118,
3d71d6b6b1bc85b5ec831ae9dba2c93c,2026-03-25T23:10:00Z,Indiana Pacers,Los Angeles Lakers,FanDuel,Rui Hachimura,player_points,8.5,-112,-118,
3d71d6b6b1bc85b5ec831ae9dba2c93c,2026-03-25T23:10:00Z,Indiana Pacers,Los Angeles Lakers,FanDuel,T.J. McConnell,player_points,8.5,100,-132,
eaf07668d23364ac54cbcf69f4808ba9,2026-03-25T23:10:00Z,Philadelphia 76ers,Chicago Bulls,DraftKings,Collin Sexton,player_points,14.5,100,-127,
eaf07668d23364ac54cbcf69f4808ba9,2026-03-25T23:10:00Z,Philadelphia 76ers,Chicago Bulls,DraftKings,Jalen Smith,player_points,12.5,-112,-114,
eaf07668d23364ac54cbcf69f4808ba9,2026-03-25T23:10:00Z,Philadelphia 76ers,Chicago Bulls,DraftKings,Joel Embiid,player_points,22.5,-104,-123,
eaf07668d23364ac54cbcf69f4808ba9,2026-03-25T23:10:00Z,Philadelphia 76ers,Chicago Bulls,DraftKings,Josh Giddey,player_points,18.5,-102,-125,
eaf07668d23364ac54cbcf69f4808ba9,2026-03-25T23:10:00Z,Philadelphia 76ers,Chicago Bulls,DraftKings,Matas Buzelis,player_points,19.5,-113,-113,
eaf07668d23364ac54cbcf69f4808ba9,2026-03-25T23:10:00Z,Philadelphia 76ers,Chicago Bulls,DraftKings,Nick Richards,player_points,10.5,-116,-110,
eaf07668d23364ac54cbcf69f4808ba9,2026-03-25T23:10:00Z,Philadelphia 76ers,Chicago Bulls,DraftKings,Paul George,player_points,15.5,-101,-126,
eaf07668d23364ac54cbcf69f4808ba9,2026-03-25T23:10:00Z,Philadelphia 76ers,Chicago Bulls,DraftKings,Quentin Grimes,player_points,17.5,-121,-106,
eaf07668d23364ac54cbcf69f4808ba9,2026-03-25T23:10:00Z,Philadelphia 76ers,Chicago Bulls,DraftKings,Tre Jones,player_points,13.5,-109,-117,
eaf07668d23364ac54cbcf69f4808ba9,2026-03-25T23:10:00Z,Philadelphia 76ers,Chicago Bulls,DraftKings,VJ Edgecombe,player_points,21.5,-116,-109,
eaf07668d23364ac54cbcf69f4808ba9,2026-03-25T23:10:00Z,Philadelphia 76ers,Chicago Bulls,FanDuel,Dominick Barlow,player_points,7.5,-106,-125,
eaf07668d23364ac54cbcf69f4808ba9,2026-03-25T23:10:00Z,Philadelphia 76ers,Chicago Bulls,FanDuel,Jalen Smith,player_points,12.5,-108,-122,
eaf07668d23364ac54cbcf69f4808ba9,2026-03-25T23:10:00Z,Philadelphia 76ers,Chicago Bulls,FanDuel,Joel Embiid,player_points,22.5,-114,-114,
eaf07668d23364ac54cbcf69f4808ba9,2026-03-25T23:10:00Z,Philadelphia 76ers,Chicago Bulls,FanDuel,Josh Giddey,player_points,18.5,-102,-130,
eaf07668d23364ac54cbcf69f4808ba9,2026-03-25T23:10:00Z,Philadelphia 76ers,Chicago Bulls,FanDuel,Leonard Miller,player_points,8.5,-125,-106,
eaf07668d23364ac54cbcf69f4808ba9,2026-03-25T23:10:00Z,Philadelphia 76ers,Chicago Bulls,FanDuel,Matas Buzelis,player_points,19.5,-112,-118,
eaf07668d23364ac54cbcf69f4808ba9,2026-03-25T23:10:00Z,Philadelphia 76ers,Chicago Bulls,FanDuel,Nick Richards,player_points,10.5,-112,-118,
eaf07668d23364ac54cbcf69f4808ba9,2026-03-25T23:10:00Z,Philadelphia 76ers,Chicago Bulls,FanDuel,Paul George,player_points,15.5,100,-132,
eaf07668d23364ac54cbcf69f4808ba9,2026-03-25T23:10:00Z,Philadelphia 76ers,Chicago Bulls,FanDuel,Quentin Grimes,player_points,17.5,-114,-114,
eaf07668d23364ac54cbcf69f4808ba9,2026-03-25T23:10:00Z,Philadelphia 76ers,Chicago Bulls,FanDuel,Tre Jones,player_points,13.5,-112,-118,
eaf07668d23364ac54cbcf69f4808ba9,2026-03-25T23:10:00Z,Philadelphia 76ers,Chicago Bulls,FanDuel,VJ Edgecombe,player_points,21.5,-106,-125,
277fee894c9dc5c623ed6a131bf513c7,2026-03-25T23:40:00Z,Boston Celtics,Oklahoma City Thunder,BetOnline.ag,Ajay Mitchell,player_points,11.5,-115,-112,
277fee894c9dc5c623ed6a131bf513c7,2026-03-25T23:40:00Z,Boston Celtics,Oklahoma City Thunder,BetOnline.ag,Cason Wallace,player_points,6.5,106,-137,
277fee894c9dc5c623ed6a131bf513c7,2026-03-25T23:40:00Z,Boston Celtics,Oklahoma City Thunder,BetOnline.ag,Chet Holmgren,player_points,14.5,-111,-116,
277fee894c9dc5c623ed6a131bf513c7,2026-03-25T23:40:00Z,Boston Celtics,Oklahoma City Thunder,BetOnline.ag,Derrick White,player_points,16.5,-102,-127,
277fee894c9dc5c623ed6a131bf513c7,2026-03-25T23:40:00Z,Boston Celtics,Oklahoma City Thunder,BetOnline.ag,Isaiah Hartenstein,player_points,6.5,107,-139,
277fee894c9dc5c623ed6a131bf513c7,2026-03-25T23:40:00Z,Boston Celtics,Oklahoma City Thunder,BetOnline.ag,Jalen Williams,player_points,12.5,-122,-106,
277fee894c9dc5c623ed6a131bf513c7,2026-03-25T23:40:00Z,Boston Celtics,Oklahoma City Thunder,BetOnline.ag,Jared McCain,player_points,7.5,-105,-123,
277fee894c9dc5c623ed6a131bf513c7,2026-03-25T23:40:00Z,Boston Celtics,Oklahoma City Thunder,BetOnline.ag,Jaylen Brown,player_points,25.5,-108,-120,
277fee894c9dc5c623ed6a131bf513c7,2026-03-25T23:40:00Z,Boston Celtics,Oklahoma City Thunder,BetOnline.ag,Jaylin Williams,player_points,5.5,-114,-114,
277fee894c9dc5c623ed6a131bf513c7,2026-03-25T23:40:00Z,Boston Celtics,Oklahoma City Thunder,BetOnline.ag,Jayson Tatum,player_points,19.5,-118,-110,
277fee894c9dc5c623ed6a131bf513c7,2026-03-25T23:40:00Z,Boston Celtics,Oklahoma City Thunder,BetOnline.ag,Luguentz Dort,player_points,6.5,-101,-128,
277fee894c9dc5c623ed6a131bf513c7,2026-03-25T23:40:00Z,Boston Celtics,Oklahoma City Thunder,BetOnline.ag,Neemias Queta,player_points,7.5,-123,-104,
277fee894c9dc5c623ed6a131bf513c7,2026-03-25T23:40:00Z,Boston Celtics,Oklahoma City Thunder,BetOnline.ag,Payton Pritchard,player_points,13.5,-130,100,
277fee894c9dc5c623ed6a131bf513c7,2026-03-25T23:40:00Z,Boston Celtics,Oklahoma City Thunder,BetOnline.ag,Sam Hauser,player_points,7.5,-109,-119,
277fee894c9dc5c623ed6a131bf513c7,2026-03-25T23:40:00Z,Boston Celtics,Oklahoma City Thunder,BetOnline.ag,Shai Gilgeous-Alexander,player_points,29.5,-109,-119,
277fee894c9dc5c623ed6a131bf513c7,2026-03-25T23:40:00Z,Boston Celtics,Oklahoma City Thunder,DraftKings,Ajay Mitchell,player_points,11.5,-109,-117,
277fee894c9dc5c623ed6a131bf513c7,2026-03-25T23:40:00Z,Boston Celtics,Oklahoma City Thunder,DraftKings,Baylor Scheierman,player_points,5.5,104,-132,
277fee894c9dc5c623ed6a131bf513c7,2026-03-25T23:40:00Z,Boston Celtics,Oklahoma City Thunder,DraftKings,Cason Wallace,player_points,5.5,-135,106,
277fee894c9dc5c623ed6a131bf513c7,2026-03-25T23:40:00Z,Boston Celtics,Oklahoma City Thunder,DraftKings,Chet Holmgren,player_points,14.5,-102,-124,
277fee894c9dc5c623ed6a131bf513c7,2026-03-25T23:40:00Z,Boston Celtics,Oklahoma City Thunder,DraftKings,Derrick White,player_points,16.5,-108,-119,
277fee894c9dc5c623ed6a131bf513c7,2026-03-25T23:40:00Z,Boston Celtics,Oklahoma City Thunder,DraftKings,Isaiah Hartenstein,player_points,6.5,116,-148,
277fee894c9dc5c623ed6a131bf513c7,2026-03-25T23:40:00Z,Boston Celtics,Oklahoma City Thunder,DraftKings,Jalen Williams,player_points,12.5,-120,-106,
277fee894c9dc5c623ed6a131bf513c7,2026-03-25T23:40:00Z,Boston Celtics,Oklahoma City Thunder,DraftKings,Jared McCain,player_points,7.5,-101,-126,
277fee894c9dc5c623ed6a131bf513c7,2026-03-25T23:40:00Z,Boston Celtics,Oklahoma City Thunder,DraftKings,Jaylen Brown,player_points,25.5,-119,-107,
277fee894c9dc5c623ed6a131bf513c7,2026-03-25T23:40:00Z,Boston Celtics,Oklahoma City Thunder,DraftKings,Jaylin Williams,player_points,5.5,109,-139,
277fee894c9dc5c623ed6a131bf513c7,2026-03-25T23:40:00Z,Boston Celtics,Oklahoma City Thunder,DraftKings,Jayson Tatum,player_points,19.5,-124,-103,
277fee894c9dc5c623ed6a131bf513c7,2026-03-25T23:40:00Z,Boston Celtics,Oklahoma City Thunder,DraftKings,Luguentz Dort,player_points,6.5,-102,-125,
277fee894c9dc5c623ed6a131bf513c7,2026-03-25T23:40:00Z,Boston Celtics,Oklahoma City Thunder,DraftKings,Luka Garza,player_points,5.5,-135,105,
277fee894c9dc5c623ed6a131bf513c7,2026-03-25T23:40:00Z,Boston Celtics,Oklahoma City Thunder,DraftKings,Payton Pritchard,player_points,14.5,-105,-121,
277fee894c9dc5c623ed6a131bf513c7,2026-03-25T23:40:00Z,Boston Celtics,Oklahoma City Thunder,DraftKings,Sam Hauser,player_points,7.5,-108,-117,
277fee894c9dc5c623ed6a131bf513c7,2026-03-25T23:40:00Z,Boston Celtics,Oklahoma City Thunder,DraftKings,Shai Gilgeous-Alexander,player_points,29.5,-118,-108,
277fee894c9dc5c623ed6a131bf513c7,2026-03-25T23:40:00Z,Boston Celtics,Oklahoma City Thunder,FanDuel,Ajay Mitchell,player_points,11.5,-125,-106,
277fee894c9dc5c623ed6a131bf513c7,2026-03-25T23:40:00Z,Boston Celtics,Oklahoma City Thunder,FanDuel,Baylor Scheierman,player_points,4.5,-136,102,
277fee894c9dc5c623ed6a131bf513c7,2026-03-25T23:40:00Z,Boston Celtics,Oklahoma City Thunder,FanDuel,Cason Wallace,player_points,6.5,102,-136,
277fee894c9dc5c623ed6a131bf513c7,2026-03-25T23:40:00Z,Boston Celtics,Oklahoma City Thunder,FanDuel,Chet Holmgren,player_points,14.5,-118,-112,
277fee894c9dc5c623ed6a131bf513c7,2026-03-25T23:40:00Z,Boston Celtics,Oklahoma City Thunder,FanDuel,Derrick White,player_points,16.5,102,-136,
277fee894c9dc5c623ed6a131bf513c7,2026-03-25T23:40:00Z,Boston Celtics,Oklahoma City Thunder,FanDuel,Isaiah Hartenstein,player_points,6.5,-104,-128,
277fee894c9dc5c623ed6a131bf513c7,2026-03-25T23:40:00Z,Boston Celtics,Oklahoma City Thunder,FanDuel,Jalen Williams,player_points,13.5,-110,-120,
277fee894c9dc5c623ed6a131bf513c7,2026-03-25T23:40:00Z,Boston Celtics,Oklahoma City Thunder,FanDuel,Jared McCain,player_points,6.5,-132,100,
277fee894c9dc5c623ed6a131bf513c7,2026-03-25T23:40:00Z,Boston Celtics,Oklahoma City Thunder,FanDuel,Jaylen Brown,player_points,25.5,-102,-130,
277fee894c9dc5c623ed6a131bf513c7,2026-03-25T23:40:00Z,Boston Celtics,Oklahoma City Thunder,FanDuel,Jaylin Williams,player_points,4.5,-132,100,
277fee894c9dc5c623ed6a131bf513c7,2026-03-25T23:40:00Z,Boston Celtics,Oklahoma City Thunder,FanDuel,Jayson Tatum,player_points,19.5,-114,-114,
277fee894c9dc5c623ed6a131bf513c7,2026-03-25T23:40:00Z,Boston Celtics,Oklahoma City Thunder,FanDuel,Luguentz Dort,player_points,6.5,100,-132,
277fee894c9dc5c623ed6a131bf513c7,2026-03-25T23:40:00Z,Boston Celtics,Oklahoma City Thunder,FanDuel,Luka Garza,player_points,5.5,-132,100,
277fee894c9dc5c623ed6a131bf513c7,2026-03-25T23:40:00Z,Boston Celtics,Oklahoma City Thunder,FanDuel,Neemias Queta,player_points,7.5,-130,-102,
277fee894c9dc5c623ed6a131bf513c7,2026-03-25T23:40:00Z,Boston Celtics,Oklahoma City Thunder,FanDuel,Payton Pritchard,player_points,13.5,-132,100,
277fee894c9dc5c623ed6a131bf513c7,2026-03-25T23:40:00Z,Boston Celtics,Oklahoma City Thunder,FanDuel,Sam Hauser,player_points,6.5,-130,-102,
277fee894c9dc5c623ed6a131bf513c7,2026-03-25T23:40:00Z,Boston Celtics,Oklahoma City Thunder,FanDuel,Shai Gilgeous-Alexander,player_points,29.5,100,-132,
bb33d3e33ac233af2a20161310f567f2,2026-03-25T23:40:00Z,Cleveland Cavaliers,Miami Heat,FanDuel,Andrew Wiggins,player_points,12.5,-106,-125,
bb33d3e33ac233af2a20161310f567f2,2026-03-25T23:40:00Z,Cleveland Cavaliers,Miami Heat,FanDuel,Bam Adebayo,player_points,20.5,-132,100,
bb33d3e33ac233af2a20161310f567f2,2026-03-25T23:40:00Z,Cleveland Cavaliers,Miami Heat,FanDuel,Davion Mitchell,player_points,7.5,-130,-102,
bb33d3e33ac233af2a20161310f567f2,2026-03-25T23:40:00Z,Cleveland Cavaliers,Miami Heat,FanDuel,Dean Wade,player_points,5.5,102,-136,
bb33d3e33ac233af2a20161310f567f2,2026-03-25T23:40:00Z,Cleveland Cavaliers,Miami Heat,FanDuel,Donovan Mitchell,player_points,29.5,-102,-128,
bb33d3e33ac233af2a20161310f567f2,2026-03-25T23:40:00Z,Cleveland Cavaliers,Miami Heat,FanDuel,Evan Mobley,player_points,17.5,-125,-106,
bb33d3e33ac233af2a20161310f567f2,2026-03-25T23:40:00Z,Cleveland Cavaliers,Miami Heat,FanDuel,Jaime Jaquez Jr,player_points,10.5,-136,102,
bb33d3e33ac233af2a20161310f567f2,2026-03-25T23:40:00Z,Cleveland Cavaliers,Miami Heat,FanDuel,James Harden,player_points,21.5,-132,100,
bb33d3e33ac233af2a20161310f567f2,2026-03-25T23:40:00Z,Cleveland Cavaliers,Miami Heat,FanDuel,Keon Ellis,player_points,6.5,100,-132,
bb33d3e33ac233af2a20161310f567f2,2026-03-25T23:40:00Z,Cleveland Cavaliers,Miami Heat,FanDuel,Max Strus,player_points,9.5,100,-132,
bb33d3e33ac233af2a20161310f567f2,2026-03-25T23:40:00Z,Cleveland Cavaliers,Miami Heat,FanDuel,Norman Powell,player_points,18.5,-136,102,
bb33d3e33ac233af2a20161310f567f2,2026-03-25T23:40:00Z,Cleveland Cavaliers,Miami Heat,FanDuel,Pelle Larsson,player_points,10.5,-106,-125,
bb33d3e33ac233af2a20161310f567f2,2026-03-25T23:40:00Z,Cleveland Cavaliers,Miami Heat,FanDuel,Sam Merrill,player_points,13.5,100,-132,
bb33d3e33ac233af2a20161310f567f2,2026-03-25T23:40:00Z,Cleveland Cavaliers,Miami Heat,FanDuel,Tyler Herro,player_points,19.5,-132,100,
bcbad64f54906ae96b4be0ef54b453b4,2026-03-26T00:10:00Z,Memphis Grizzlies,San Antonio Spurs,BetOnline.ag,Cedric Coward,player_points,12.5,-105,-123,
bcbad64f54906ae96b4be0ef54b453b4,2026-03-26T00:10:00Z,Memphis Grizzlies,San Antonio Spurs,BetOnline.ag,Devin Vassell,player_points,13.5,-123,-104,
bcbad64f54906ae96b4be0ef54b453b4,2026-03-26T00:10:00Z,Memphis Grizzlies,San Antonio Spurs,BetOnline.ag,Dylan Harper,player_points,15.5,-112,-115,
bcbad64f54906ae96b4be0ef54b453b4,2026-03-26T00:10:00Z,Memphis Grizzlies,San Antonio Spurs,BetOnline.ag,G.G. Jackson,player_points,16.5,-102,-127,
bcbad64f54906ae96b4be0ef54b453b4,2026-03-26T00:10:00Z,Memphis Grizzlies,San Antonio Spurs,BetOnline.ag,Julian Champagnie,player_points,11.5,-102,-127,
bcbad64f54906ae96b4be0ef54b453b4,2026-03-26T00:10:00Z,Memphis Grizzlies,San Antonio Spurs,BetOnline.ag,Keldon Johnson,player_points,13.5,-127,-102,
bcbad64f54906ae96b4be0ef54b453b4,2026-03-26T00:10:00Z,Memphis Grizzlies,San Antonio Spurs,BetOnline.ag,Olivier-Maxence Prosper,player_points,11.5,-123,-104,
bcbad64f54906ae96b4be0ef54b453b4,2026-03-26T00:10:00Z,Memphis Grizzlies,San Antonio Spurs,BetOnline.ag,Stephon Castle,player_points,18.5,100,-130,
bcbad64f54906ae96b4be0ef54b453b4,2026-03-26T00:10:00Z,Memphis Grizzlies,San Antonio Spurs,BetOnline.ag,Victor Wembanyama,player_points,27.5,-103,-125,
bcbad64f54906ae96b4be0ef54b453b4,2026-03-26T00:10:00Z,Memphis Grizzlies,San Antonio Spurs,BetOnline.ag,Walter Clayton Jr.,player_points,9.5,-130,101,
bcbad64f54906ae96b4be0ef54b453b4,2026-03-26T00:10:00Z,Memphis Grizzlies,San Antonio Spurs,DraftKings,Cedric Coward,player_points,12.5,-101,-126,
bcbad64f54906ae96b4be0ef54b453b4,2026-03-26T00:10:00Z,Memphis Grizzlies,San Antonio Spurs,DraftKings,Devin Vassell,player_points,13.5,-121,-106,
bcbad64f54906ae96b4be0ef54b453b4,2026-03-26T00:10:00Z,Memphis Grizzlies,San Antonio Spurs,DraftKings,Dylan Harper,player_points,15.5,-108,-118,
bcbad64f54906ae96b4be0ef54b453b4,2026-03-26T00:10:00Z,Memphis Grizzlies,San Antonio Spurs,DraftKings,G.G. Jackson,player_points,15.5,-126,-101,
bcbad64f54906ae96b4be0ef54b453b4,2026-03-26T00:10:00Z,Memphis Grizzlies,San Antonio Spurs,DraftKings,Julian Champagnie,player_points,11.5,-102,-124,
bcbad64f54906ae96b4be0ef54b453b4,2026-03-26T00:10:00Z,Memphis Grizzlies,San Antonio Spurs,DraftKings,Keldon Johnson,player_points,14.5,-102,-125,
bcbad64f54906ae96b4be0ef54b453b4,2026-03-26T00:10:00Z,Memphis Grizzlies,San Antonio Spurs,DraftKings,Olivier-Maxence Prosper,player_points,11.5,-119,-108,
bcbad64f54906ae96b4be0ef54b453b4,2026-03-26T00:10:00Z,Memphis Grizzlies,San Antonio Spurs,DraftKings,Walter Clayton Jr.,player_points,9.5,-130,102,
bcbad64f54906ae96b4be0ef54b453b4,2026-03-26T00:10:00Z,Memphis Grizzlies,San Antonio Spurs,FanDuel,Cedric Coward,player_points,12.5,-112,-118,
bcbad64f54906ae96b4be0ef54b453b4,2026-03-26T00:10:00Z,Memphis Grizzlies,San Antonio Spurs,FanDuel,Devin Vassell,player_points,13.5,-136,102,
bcbad64f54906ae96b4be0ef54b453b4,2026-03-26T00:10:00Z,Memphis Grizzlies,San Antonio Spurs,FanDuel,Dylan Harper,player_points,15.5,-114,-114,
bcbad64f54906ae96b4be0ef54b453b4,2026-03-26T00:10:00Z,Memphis Grizzlies,San Antonio Spurs,FanDuel,G.G. Jackson,player_points,16.5,-102,-130,
bcbad64f54906ae96b4be0ef54b453b4,2026-03-26T00:10:00Z,Memphis Grizzlies,San Antonio Spurs,FanDuel,Julian Champagnie,player_points,11.5,100,-132,
bcbad64f54906ae96b4be0ef54b453b4,2026-03-26T00:10:00Z,Memphis Grizzlies,San Antonio Spurs,FanDuel,Keldon Johnson,player_points,13.5,-132,100,
bcbad64f54906ae96b4be0ef54b453b4,2026-03-26T00:10:00Z,Memphis Grizzlies,San Antonio Spurs,FanDuel,Olivier-Maxence Prosper,player_points,11.5,-130,-102,
bcbad64f54906ae96b4be0ef54b453b4,2026-03-26T00:10:00Z,Memphis Grizzlies,San Antonio Spurs,FanDuel,Stephon Castle,player_points,18.5,102,-136,
bcbad64f54906ae96b4be0ef54b453b4,2026-03-26T00:10:00Z,Memphis Grizzlies,San Antonio Spurs,FanDuel,Victor Wembanyama,player_points,27.5,-102,-130,
bcbad64f54906ae96b4be0ef54b453b4,2026-03-26T00:10:00Z,Memphis Grizzlies,San Antonio Spurs,FanDuel,Walter Clayton Jr.,player_points,10.5,102,-136,
dcd42c163a10db20aa31d9ee311c07bd,2026-03-26T01:10:00Z,Utah Jazz,Washington Wizards,FanDuel,Ace Bailey,player_points,24.5,-102,-130,
dcd42c163a10db20aa31d9ee311c07bd,2026-03-26T01:10:00Z,Utah Jazz,Washington Wizards,FanDuel,Bilal Coulibaly,player_points,14.5,-132,100,
dcd42c163a10db20aa31d9ee311c07bd,2026-03-26T01:10:00Z,Utah Jazz,Washington Wizards,FanDuel,Carlton Carrington,player_points,13.5,-132,100,
dcd42c163a10db20aa31d9ee311c07bd,2026-03-26T01:10:00Z,Utah Jazz,Washington Wizards,FanDuel,Cody Williams,player_points,17.5,-114,-114,
dcd42c163a10db20aa31d9ee311c07bd,2026-03-26T01:10:00Z,Utah Jazz,Washington Wizards,FanDuel,Jamir Watkins,player_points,9.5,102,-136,
dcd42c163a10db20aa31d9ee311c07bd,2026-03-26T01:10:00Z,Utah Jazz,Washington Wizards,FanDuel,John Konchar,player_points,7.5,-112,-118,
dcd42c163a10db20aa31d9ee311c07bd,2026-03-26T01:10:00Z,Utah Jazz,Washington Wizards,FanDuel,Tristan Vukcevic,player_points,12.5,-128,-104,
dcd42c163a10db20aa31d9ee311c07bd,2026-03-26T01:10:00Z,Utah Jazz,Washington Wizards,FanDuel,Will Riley,player_points,16.5,-132,100,
cf2665074fd82e7b5f2b4393f20afd32,2026-03-26T01:40:00Z,Minnesota Timberwolves,Houston Rockets,BetOnline.ag,Alperen Sengun,player_points,18.5,-116,-111,
cf2665074fd82e7b5f2b4393f20afd32,2026-03-26T01:40:00Z,Minnesota Timberwolves,Houston Rockets,BetOnline.ag,Amen Thompson,player_points,18.5,-103,-125,
cf2665074fd82e7b5f2b4393f20afd32,2026-03-26T01:40:00Z,Minnesota Timberwolves,Houston Rockets,BetOnline.ag,Ayo Dosunmu,player_points,16.5,-120,-108,
cf2665074fd82e7b5f2b4393f20afd32,2026-03-26T01:40:00Z,Minnesota Timberwolves,Houston Rockets,BetOnline.ag,Bones Hyland,player_points,14.5,-109,-119,
cf2665074fd82e7b5f2b4393f20afd32,2026-03-26T01:40:00Z,Minnesota Timberwolves,Houston Rockets,BetOnline.ag,Donte DiVincenzo,player_points,11.5,-114,-114,
cf2665074fd82e7b5f2b4393f20afd32,2026-03-26T01:40:00Z,Minnesota Timberwolves,Houston Rockets,BetOnline.ag,Jabari Smith Jr,player_points,14.5,-101,-128,
cf2665074fd82e7b5f2b4393f20afd32,2026-03-26T01:40:00Z,Minnesota Timberwolves,Houston Rockets,BetOnline.ag,Jaden McDaniels,player_points,16.5,-112,-115,
cf2665074fd82e7b5f2b4393f20afd32,2026-03-26T01:40:00Z,Minnesota Timberwolves,Houston Rockets,BetOnline.ag,Julius Randle,player_points,20.5,-112,-115,
cf2665074fd82e7b5f2b4393f20afd32,2026-03-26T01:40:00Z,Minnesota Timberwolves,Houston Rockets,BetOnline.ag,Kevin Durant,player_points,26.5,100,-130,
cf2665074fd82e7b5f2b4393f20afd32,2026-03-26T01:40:00Z,Minnesota Timberwolves,Houston Rockets,BetOnline.ag,Naz Reid,player_points,12.5,-114,-114,
cf2665074fd82e7b5f2b4393f20afd32,2026-03-26T01:40:00Z,Minnesota Timberwolves,Houston Rockets,BetOnline.ag,Reed Sheppard,player_points,14.5,-112,-115,
cf2665074fd82e7b5f2b4393f20afd32,2026-03-26T01:40:00Z,Minnesota Timberwolves,Houston Rockets,BetOnline.ag,Rudy Gobert,player_points,12.5,-110,-118,
cf2665074fd82e7b5f2b4393f20afd32,2026-03-26T01:40:00Z,Minnesota Timberwolves,Houston Rockets,DraftKings,Alperen Sengun,player_points,18.5,-120,-106,
cf2665074fd82e7b5f2b4393f20afd32,2026-03-26T01:40:00Z,Minnesota Timberwolves,Houston Rockets,DraftKings,Amen Thompson,player_points,18.5,-110,-116,
cf2665074fd82e7b5f2b4393f20afd32,2026-03-26T01:40:00Z,Minnesota Timberwolves,Houston Rockets,DraftKings,Ayo Dosunmu,player_points,16.5,-126,-101,
cf2665074fd82e7b5f2b4393f20afd32,2026-03-26T01:40:00Z,Minnesota Timberwolves,Houston Rockets,DraftKings,Donte DiVincenzo,player_points,11.5,-112,-114,
cf2665074fd82e7b5f2b4393f20afd32,2026-03-26T01:40:00Z,Minnesota Timberwolves,Houston Rockets,DraftKings,Jabari Smith Jr,player_points,14.5,-106,-121,
cf2665074fd82e7b5f2b4393f20afd32,2026-03-26T01:40:00Z,Minnesota Timberwolves,Houston Rockets,DraftKings,Jaden McDaniels,player_points,16.5,-111,-115,
cf2665074fd82e7b5f2b4393f20afd32,2026-03-26T01:40:00Z,Minnesota Timberwolves,Houston Rockets,DraftKings,Julius Randle,player_points,21.5,-102,-125,
cf2665074fd82e7b5f2b4393f20afd32,2026-03-26T01:40:00Z,Minnesota Timberwolves,Houston Rockets,DraftKings,Kevin Durant,player_points,26.5,-102,-124,
cf2665074fd82e7b5f2b4393f20afd32,2026-03-26T01:40:00Z,Minnesota Timberwolves,Houston Rockets,DraftKings,Kyle Anderson,player_points,5.5,-106,-120,
cf2665074fd82e7b5f2b4393f20afd32,2026-03-26T01:40:00Z,Minnesota Timberwolves,Houston Rockets,DraftKings,Naz Reid,player_points,12.5,-112,-114,
cf2665074fd82e7b5f2b4393f20afd32,2026-03-26T01:40:00Z,Minnesota Timberwolves,Houston Rockets,DraftKings,Reed Sheppard,player_points,13.5,-124,-103,
cf2665074fd82e7b5f2b4393f20afd32,2026-03-26T01:40:00Z,Minnesota Timberwolves,Houston Rockets,DraftKings,Rudy Gobert,player_points,12.5,-113,-113,
cf2665074fd82e7b5f2b4393f20afd32,2026-03-26T01:40:00Z,Minnesota Timberwolves,Houston Rockets,FanDuel,Alperen Sengun,player_points,18.5,-118,-112,
cf2665074fd82e7b5f2b4393f20afd32,2026-03-26T01:40:00Z,Minnesota Timberwolves,Houston Rockets,FanDuel,Amen Thompson,player_points,18.5,102,-136,
cf2665074fd82e7b5f2b4393f20afd32,2026-03-26T01:40:00Z,Minnesota Timberwolves,Houston Rockets,FanDuel,Jabari Smith Jr,player_points,14.5,102,-136,
cf2665074fd82e7b5f2b4393f20afd32,2026-03-26T01:40:00Z,Minnesota Timberwolves,Houston Rockets,FanDuel,Kevin Durant,player_points,26.5,102,-136,
cf2665074fd82e7b5f2b4393f20afd32,2026-03-26T01:40:00Z,Minnesota Timberwolves,Houston Rockets,FanDuel,Reed Sheppard,player_points,15.5,-106,-125,
63b3c408cf1e55eb8d34aec686038a87,2026-03-26T02:10:00Z,Denver Nuggets,Dallas Mavericks,FanDuel,Aaron Gordon,player_points,16.5,-112,-118,
63b3c408cf1e55eb8d34aec686038a87,2026-03-26T02:10:00Z,Denver Nuggets,Dallas Mavericks,FanDuel,Bruce Brown,player_points,6.5,-125,-106,
63b3c408cf1e55eb8d34aec686038a87,2026-03-26T02:10:00Z,Denver Nuggets,Dallas Mavericks,FanDuel,Cameron Johnson,player_points,10.5,-110,-120,
63b3c408cf1e55eb8d34aec686038a87,2026-03-26T02:10:00Z,Denver Nuggets,Dallas Mavericks,FanDuel,Christian Braun,player_points,11.5,-102,-130,
63b3c408cf1e55eb8d34aec686038a87,2026-03-26T02:10:00Z,Denver Nuggets,Dallas Mavericks,FanDuel,Cooper Flagg,player_points,21.5,-118,-112,
63b3c408cf1e55eb8d34aec686038a87,2026-03-26T02:10:00Z,Denver Nuggets,Dallas Mavericks,FanDuel,Daniel Gafford,player_points,9.5,-132,100,
63b3c408cf1e55eb8d34aec686038a87,2026-03-26T02:10:00Z,Denver Nuggets,Dallas Mavericks,FanDuel,Jamal Murray,player_points,22.5,-125,-106,
63b3c408cf1e55eb8d34aec686038a87,2026-03-26T02:10:00Z,Denver Nuggets,Dallas Mavericks,FanDuel,Klay Thompson,player_points,12.5,100,-132,
63b3c408cf1e55eb8d34aec686038a87,2026-03-26T02:10:00Z,Denver Nuggets,Dallas Mavericks,FanDuel,Max Christie,player_points,11.5,-114,-114,
63b3c408cf1e55eb8d34aec686038a87,2026-03-26T02:10:00Z,Denver Nuggets,Dallas Mavericks,FanDuel,Naji Marshall,player_points,16.5,-122,-108,
63b3c408cf1e55eb8d34aec686038a87,2026-03-26T02:10:00Z,Denver Nuggets,Dallas Mavericks,FanDuel,Nikola Jokic,player_points,28.5,100,-132,
63b3c408cf1e55eb8d34aec686038a87,2026-03-26T02:10:00Z,Denver Nuggets,Dallas Mavericks,FanDuel,P.J. Washington,player_points,14.5,-120,-110,
63b3c408cf1e55eb8d34aec686038a87,2026-03-26T02:10:00Z,Denver Nuggets,Dallas Mavericks,FanDuel,Peyton Watson,player_points,9.5,-112,-118,
63b3c408cf1e55eb8d34aec686038a87,2026-03-26T02:10:00Z,Denver Nuggets,Dallas Mavericks,FanDuel,Tim Hardaway Jr,player_points,11.5,-106,-125,
f0853d396988ee8ea615897e136d22cb,2026-03-26T02:10:00Z,Golden State Warriors,Brooklyn Nets,DraftKings,Brandin Podziemski,player_points,15.5,-111,-114,
f0853d396988ee8ea615897e136d22cb,2026-03-26T02:10:00Z,Golden State Warriors,Brooklyn Nets,DraftKings,De'Anthony Melton,player_points,15.5,-106,-120,
f0853d396988ee8ea615897e136d22cb,2026-03-26T02:10:00Z,Golden State Warriors,Brooklyn Nets,DraftKings,Drake Powell,player_points,7.5,-119,-107,
f0853d396988ee8ea615897e136d22cb,2026-03-26T02:10:00Z,Golden State Warriors,Brooklyn Nets,DraftKings,Draymond Green,player_points,8.5,-124,-102,
f0853d396988ee8ea615897e136d22cb,2026-03-26T02:10:00Z,Golden State Warriors,Brooklyn Nets,DraftKings,Kristaps Porzingis,player_points,17.5,-120,-106,
f0853d396988ee8ea615897e136d22cb,2026-03-26T02:10:00Z,Golden State Warriors,Brooklyn Nets,DraftKings,Nicolas Claxton,player_points,9.5,-133,104,
f0853d396988ee8ea615897e136d22cb,2026-03-26T02:10:00Z,Golden State Warriors,Brooklyn Nets,DraftKings,Ziaire Williams,player_points,11.5,-110,-116,
f0853d396988ee8ea615897e136d22cb,2026-03-26T02:10:00Z,Golden State Warriors,Brooklyn Nets,FanDuel,Ben Saraf,player_points,9.5,-125,-106,
f0853d396988ee8ea615897e136d22cb,2026-03-26T02:10:00Z,Golden State Warriors,Brooklyn Nets,FanDuel,Brandin Podziemski,player_points,15.5,100,-132,
f0853d396988ee8ea615897e136d22cb,2026-03-26T02:10:00Z,Golden State Warriors,Brooklyn Nets,FanDuel,De'Anthony Melton,player_points,14.5,-132,100,
f0853d396988ee8ea615897e136d22cb,2026-03-26T02:10:00Z,Golden State Warriors,Brooklyn Nets,FanDuel,Drake Powell,player_points,7.5,-125,-106,
f0853d396988ee8ea615897e136d22cb,2026-03-26T02:10:00Z,Golden State Warriors,Brooklyn Nets,FanDuel,Draymond Green,player_points,8.5,-128,-104,
f0853d396988ee8ea615897e136d22cb,2026-03-26T02:10:00Z,Golden State Warriors,Brooklyn Nets,FanDuel,Gary Payton II,player_points,10.5,-128,-104,
f0853d396988ee8ea615897e136d22cb,2026-03-26T02:10:00Z,Golden State Warriors,Brooklyn Nets,FanDuel,Gui Santos,player_points,12.5,-110,-120,
f0853d396988ee8ea615897e136d22cb,2026-03-26T02:10:00Z,Golden State Warriors,Brooklyn Nets,FanDuel,Jalen Wilson,player_points,10.5,-104,-128,
f0853d396988ee8ea615897e136d22cb,2026-03-26T02:10:00Z,Golden State Warriors,Brooklyn Nets,FanDuel,Josh Minott,player_points,13.5,-118,-112,
f0853d396988ee8ea615897e136d22cb,2026-03-26T02:10:00Z,Golden State Warriors,Brooklyn Nets,FanDuel,Kristaps Porzingis,player_points,17.5,-106,-125,
f0853d396988ee8ea615897e136d22cb,2026-03-26T02:10:00Z,Golden State Warriors,Brooklyn Nets,FanDuel,Nicolas Claxton,player_points,10.5,-118,-112,
f0853d396988ee8ea615897e136d22cb,2026-03-26T02:10:00Z,Golden State Warriors,Brooklyn Nets,FanDuel,Terance Mann,player_points,5.5,102,-136,
f0853d396988ee8ea615897e136d22cb,2026-03-26T02:10:00Z,Golden State Warriors,Brooklyn Nets,FanDuel,Will Richard,player_points,7.5,-122,-108,
f0853d396988ee8ea615897e136d22cb,2026-03-26T02:10:00Z,Golden State Warriors,Brooklyn Nets,FanDuel,Ziaire Williams,player_points,10.5,-128,-104,
d17b632d984be98852b4bc409ae1d056,2026-03-26T02:10:00Z,Portland Trail Blazers,Milwaukee Bucks,DraftKings,Deni Avdija,player_points,24.5,-105,-121,
d17b632d984be98852b4bc409ae1d056,2026-03-26T02:10:00Z,Portland Trail Blazers,Milwaukee Bucks,DraftKings,Donovan Clingan,player_points,15.5,-104,-122,
d17b632d984be98852b4bc409ae1d056,2026-03-26T02:10:00Z,Portland Trail Blazers,Milwaukee Bucks,DraftKings,Jerami Grant,player_points,17.5,-110,-115,
d17b632d984be98852b4bc409ae1d056,2026-03-26T02:10:00Z,Portland Trail Blazers,Milwaukee Bucks,DraftKings,Jrue Holiday,player_points,15.5,-107,-120,
d17b632d984be98852b4bc409ae1d056,2026-03-26T02:10:00Z,Portland Trail Blazers,Milwaukee Bucks,DraftKings,Kyle Kuzma,player_points,12.5,-113,-112,
d17b632d984be98852b4bc409ae1d056,2026-03-26T02:10:00Z,Portland Trail Blazers,Milwaukee Bucks,DraftKings,Myles Turner,player_points,10.5,-118,-108,
d17b632d984be98852b4bc409ae1d056,2026-03-26T02:10:00Z,Portland Trail Blazers,Milwaukee Bucks,DraftKings,Ousmane Dieng,player_points,11.5,100,-128,
d17b632d984be98852b4bc409ae1d056,2026-03-26T02:10:00Z,Portland Trail Blazers,Milwaukee Bucks,DraftKings,Ryan Rollins,player_points,18.5,-121,-106,
d17b632d984be98852b4bc409ae1d056,2026-03-26T02:10:00Z,Portland Trail Blazers,Milwaukee Bucks,DraftKings,Taurean Prince,player_points,7.5,-105,-121,
d17b632d984be98852b4bc409ae1d056,2026-03-26T02:10:00Z,Portland Trail Blazers,Milwaukee Bucks,DraftKings,Toumani Camara,player_points,12.5,-114,-112,
d17b632d984be98852b4bc409ae1d056,2026-03-26T02:10:00Z,Portland Trail Blazers,Milwaukee Bucks,FanDuel,Bobby Portis,player_points,14.5,-104,-128,
d17b632d984be98852b4bc409ae1d056,2026-03-26T02:10:00Z,Portland Trail Blazers,Milwaukee Bucks,FanDuel,Deni Avdija,player_points,24.5,-128,-104,
d17b632d984be98852b4bc409ae1d056,2026-03-26T02:10:00Z,Portland Trail Blazers,Milwaukee Bucks,FanDuel,Donovan Clingan,player_points,15.5,-108,-122,
d17b632d984be98852b4bc409ae1d056,2026-03-26T02:10:00Z,Portland Trail Blazers,Milwaukee Bucks,FanDuel,Jerami Grant,player_points,17.5,-106,-125,
d17b632d984be98852b4bc409ae1d056,2026-03-26T02:10:00Z,Portland Trail Blazers,Milwaukee Bucks,FanDuel,Jrue Holiday,player_points,15.5,-118,-112,
d17b632d984be98852b4bc409ae1d056,2026-03-26T02:10:00Z,Portland Trail Blazers,Milwaukee Bucks,FanDuel,Kyle Kuzma,player_points,12.5,-112,-118,
d17b632d984be98852b4bc409ae1d056,2026-03-26T02:10:00Z,Portland Trail Blazers,Milwaukee Bucks,FanDuel,Myles Turner,player_points,10.5,-118,-112,
d17b632d984be98852b4bc409ae1d056,2026-03-26T02:10:00Z,Portland Trail Blazers,Milwaukee Bucks,FanDuel,Ousmane Dieng,player_points,11.5,-102,-130,
d17b632d984be98852b4bc409ae1d056,2026-03-26T02:10:00Z,Portland Trail Blazers,Milwaukee Bucks,FanDuel,Robert Williams,player_points,6.5,-128,-104,
d17b632d984be98852b4bc409ae1d056,2026-03-26T02:10:00Z,Portland Trail Blazers,Milwaukee Bucks,FanDuel,Ryan Rollins,player_points,18.5,-114,-114,
d17b632d984be98852b4bc409ae1d056,2026-03-26T02:10:00Z,Portland Trail Blazers,Milwaukee Bucks,FanDuel,Scoot Henderson,player_points,13.5,-130,-102,
d17b632d984be98852b4bc409ae1d056,2026-03-26T02:10:00Z,Portland Trail Blazers,Milwaukee Bucks,FanDuel,Taurean Prince,player_points,6.5,-130,-102,
d17b632d984be98852b4bc409ae1d056,2026-03-26T02:10:00Z,Portland Trail Blazers,Milwaukee Bucks,FanDuel,Toumani Camara,player_points,12.5,-125,-106,
